datetime,first_name,last_name,email,gender,number
2024-03-15,Samaria,McConnal,smcconnal0@arstechnica.com,Genderqueer,3
2023-07-16,Janifer,Klimczak,jklimczak1@theguardian.com,Female,86
2023-11-07,Julissa,Swate,jswate2@ox.ac.uk,Female,66
2023-05-26,Abigale,Prowse,aprowse3@thetimes.co.uk,Female,84
2023-08-29,Breanne,McConville,bmcconville4@studiopress.com,Genderfluid,70
2024-01-17,Rona,Eakly,reakly5@moonfruit.com,Female,30
2023-07-09,Chlo,Lindemann,clindemann6@msn.com,Female,2
2023-03-29,Burnaby,Napthine,bnapthine7@google.com.br,Male,48
2023-05-15,Welsh,Keyte,wkeyte8@about.com,Male,88
2023-11-07,Cornie,Fireman,cfireman9@about.me,Male,49
2023-05-03,Meredeth,Kocher,mkochera@wiley.com,Male,70
2023-07-22,Elnora,Whistlecroft,ewhistlecroftb@privacy.gov.au,Female,36
2023-10-26,Jorge,Unger,jungerc@scientificamerican.com,Male,3
2023-06-27,Rose,Windas,rwindasd@businessweek.com,Female,20
2024-02-21,Trisha,Fennelow,tfennelowe@barnesandnoble.com,Female,73
2023-06-17,Ondrea,Lonie,olonief@theglobeandmail.com,Female,17
2024-01-28,Ketti,Artharg,karthargg@wikia.com,Female,63
2023-11-08,Bjorn,Casterou,bcasterouh@phpbb.com,Male,42
2023-10-11,Sadye,Rushworth,srushworthi@chronoengine.com,Female,34
2023-12-25,Sidnee,Aucoate,saucoatej@dedecms.com,Male,15
2023-03-20,Patrice,Cornau,pcornauk@i2i.jp,Male,19
2023-10-06,Aime,Hollyar,ahollyarl@com.com,Polygender,56
2023-06-23,Dannie,Nevet,dnevetm@earthlink.net,Female,66
2023-09-03,Sky,Antonopoulos,santonopoulosn@weather.com,Male,42
2023-12-28,Finlay,Gaudon,fgaudono@wikia.com,Male,52
2023-08-06,Joelie,Oosthout de Vree,joosthoutdevreep@upenn.edu,Female,71
2024-01-18,Elonore,Tomankowski,etomankowskiq@cpanel.net,Female,4
2024-01-15,Verla,Roake,vroaker@fotki.com,Non-binary,55
2023-03-17,Richardo,Camm,rcamms@princeton.edu,Male,25
2023-05-08,Letizia,Graal,lgraalt@meetup.com,Female,48
2023-11-27,Emily,Berresford,eberresfordu@google.de,Female,34
2023-10-13,Barny,Langfitt,blangfittv@wisc.edu,Male,70
2023-12-31,Cos,McGiveen,cmcgiveenw@tripod.com,Male,58
2024-01-22,Darbie,Blasing,dblasingx@csmonitor.com,Female,6
2023-11-14,Noah,Molson,nmolsony@discuz.net,Male,23
2023-03-26,Ag,Freake,afreakez@europa.eu,Female,18
2024-03-02,Bee,Chrippes,bchrippes10@discovery.com,Female,41
2023-09-10,Antonin,Renachowski,arenachowski11@surveymonkey.com,Male,76
2023-04-14,Frederico,Dunmore,fdunmore12@stumbleupon.com,Male,86
2024-03-09,Nance,Jouandet,njouandet13@alibaba.com,Non-binary,60
2024-01-18,Lewiss,Wellington,lwellington14@apple.com,Male,15
2023-08-12,Obadiah,Ivasyushkin,oivasyushkin15@mapquest.com,Male,98
2023-12-06,Mollee,Kruger,mkruger16@dot.gov,Female,91
2023-12-04,Gottfried,Malec,gmalec17@europa.eu,Male,52
2023-10-10,Forrest,Brandenburg,fbrandenburg18@blinklist.com,Male,24
2023-05-06,Jolene,Schenkel,jschenkel19@domainmarket.com,Female,82
2023-08-04,Vick,Tedman,vtedman1a@drupal.org,Male,73
2023-03-21,Paola,Arnout,parnout1b@surveymonkey.com,Female,50
2023-05-14,Deva,Murcott,dmurcott1c@hatena.ne.jp,Female,71
2023-10-02,Catrina,Takos,ctakos1d@addthis.com,Female,26
